<?xml version = '1.0' encoding = 'UTF-8'?>
<Entity class="oracle.dbtools.crest.model.design.logical.Entity" directorySegmentName="seg_0" id="0D9CF97F-43AF-494F-5BA4-9991550C7CE3" name="RESERVA_VUELO">
<createdBy>jotar</createdBy>
<createdTime>2025-08-18 03:59:46 UTC</createdTime>
<ownerDesignName>BT&amp;AirwaysS2</ownerDesignName>
<engineerTo>
<item key="26B81959-671C-B426-0BF0-31F413A70603" value="true"/>
</engineerTo>
<adequatelyNormalized>NO</adequatelyNormalized>
<expectedVolumes>0</expectedVolumes>
<fwdEngineeringStrategyName>Single Table</fwdEngineeringStrategyName>
<growthPercent>0</growthPercent>
<growthType>Year</growthType>
<maxVolumes>9999999</maxVolumes>
<minVolumes>0</minVolumes>
<normalForm>Third</normalForm>
<attributes itemClass="oracle.dbtools.crest.model.design.logical.Attribute">
<Attribute name="numero_reserva" id="49C73423-DC31-3FBB-265F-6F7B9D259219">
<createdBy>jotar</createdBy>
<createdTime>2025-08-18 04:00:40 UTC</createdTime>
<ownerDesignName>BT&amp;AirwaysS2</ownerDesignName>
<engineerTo>
<item key="26B81959-671C-B426-0BF0-31F413A70603" value="true"/>
</engineerTo>
<useDomainConstraints>false</useDomainConstraints>
<use>1</use>
<logicalDatatype>LOGDT019</logicalDatatype>
<ownDataTypeParameters>,,</ownDataTypeParameters>
</Attribute>
<Attribute name="fecha_reserva" id="CAE587C3-843F-26F1-9040-98061E19BBB3">
<createdBy>jotar</createdBy>
<createdTime>2025-08-18 04:01:03 UTC</createdTime>
<ownerDesignName>BT&amp;AirwaysS2</ownerDesignName>
<engineerTo>
<item key="26B81959-671C-B426-0BF0-31F413A70603" value="true"/>
</engineerTo>
<useDomainConstraints>false</useDomainConstraints>
<use>1</use>
<logicalDatatype>LOGDT007</logicalDatatype>
<ownDataTypeParameters>,,</ownDataTypeParameters>
</Attribute>
<Attribute name="fecha_viaje" id="B2835372-F6A6-0246-4A6A-6828845119DE">
<createdBy>jotar</createdBy>
<createdTime>2025-08-18 04:01:34 UTC</createdTime>
<ownerDesignName>BT&amp;AirwaysS2</ownerDesignName>
<engineerTo>
<item key="26B81959-671C-B426-0BF0-31F413A70603" value="true"/>
</engineerTo>
<useDomainConstraints>false</useDomainConstraints>
<use>1</use>
<logicalDatatype>LOGDT007</logicalDatatype>
<ownDataTypeParameters>,,</ownDataTypeParameters>
</Attribute>
<Attribute name="esta_confirmado" id="2E133CC6-E249-DD16-7F89-689254BFF44B">
<createdBy>jotar</createdBy>
<createdTime>2025-08-18 04:01:55 UTC</createdTime>
<ownerDesignName>BT&amp;AirwaysS2</ownerDesignName>
<engineerTo>
<item key="26B81959-671C-B426-0BF0-31F413A70603" value="true"/>
</engineerTo>
<useDomainConstraints>false</useDomainConstraints>
<use>1</use>
<logicalDatatype>LOGDT006</logicalDatatype>
<dataTypeSize>1</dataTypeSize>
<ownDataTypeParameters>1,,</ownDataTypeParameters>
</Attribute>
<Attribute name="id_cliente" id="3E9D9020-9B3D-28CF-F3DA-E4542E06883F">
<createdBy>jotar</createdBy>
<createdTime>2025-08-18 04:02:20 UTC</createdTime>
<ownerDesignName>BT&amp;AirwaysS2</ownerDesignName>
<engineerTo>
<item key="26B81959-671C-B426-0BF0-31F413A70603" value="true"/>
</engineerTo>
<useDomainConstraints>false</useDomainConstraints>
<use>1</use>
<logicalDatatype>LOGDT024</logicalDatatype>
<dataTypeSize>12</dataTypeSize>
<ownDataTypeParameters>12,,</ownDataTypeParameters>
</Attribute>
<Attribute name="id_vuelo" id="49148E5E-88DB-ACB7-31DC-FB676B04ECF2">
<createdBy>jotar</createdBy>
<createdTime>2025-08-18 04:02:44 UTC</createdTime>
<ownerDesignName>BT&amp;AirwaysS2</ownerDesignName>
<engineerTo>
<item key="26B81959-671C-B426-0BF0-31F413A70603" value="true"/>
</engineerTo>
<useDomainConstraints>false</useDomainConstraints>
<use>1</use>
<logicalDatatype>LOGDT019</logicalDatatype>
<ownDataTypeParameters>,,</ownDataTypeParameters>
</Attribute>
<Attribute name="numero_pasaporte" id="40AB36C7-2ECB-186A-5F9C-C16B147AA9B2">
<createdBy>jotar</createdBy>
<createdTime>2025-08-18 04:06:01 UTC</createdTime>
<generatorID>5A416C06-B95F-5C52-3B3B-BADEB6DA166D</generatorID>
<ownerDesignName>BT&amp;AirwaysS2</ownerDesignName>
<engineerTo>
<item key="26B81959-671C-B426-0BF0-31F413A70603" value="true"/>
</engineerTo>
<referedAttribute>8795ACE6-4F40-DC6B-2FC5-F5C0A9D1FD29</referedAttribute>
<useDomainConstraints>false</useDomainConstraints>
<use>1</use>
<logicalDatatype>LOGDT024</logicalDatatype>
<dataTypeSize>12</dataTypeSize>
<ownDataTypeParameters>12,,</ownDataTypeParameters>
</Attribute>
<Attribute name="numero_vuelo" id="1A0D86CF-9366-C1BA-7B3F-2CAD83F8AAFF">
<createdBy>jotar</createdBy>
<createdTime>2025-08-18 04:46:19 UTC</createdTime>
<generatorID>114C2AD5-1B06-8673-24CA-900B1839AF64</generatorID>
<ownerDesignName>BT&amp;AirwaysS2</ownerDesignName>
<engineerTo>
<item key="26B81959-671C-B426-0BF0-31F413A70603" value="true"/>
</engineerTo>
<referedAttribute>2C7D1B0F-34F0-420C-0C76-012F02AA3D12</referedAttribute>
<useDomainConstraints>false</useDomainConstraints>
<use>1</use>
<logicalDatatype>LOGDT019</logicalDatatype>
<ownDataTypeParameters>,,</ownDataTypeParameters>
</Attribute>
</attributes>
<identifiers itemClass="oracle.dbtools.crest.model.design.logical.CandidateKey">
<identifier id="086B3D0E-9846-67CB-4F47-8D22CAFF3140" name="RESERVA_VUELO PK">
<createdBy>jotar</createdBy>
<createdTime>2025-08-18 04:01:01 UTC</createdTime>
<ownerDesignName>BT&amp;AirwaysS2</ownerDesignName>
<engineerTo>
<item key="26B81959-671C-B426-0BF0-31F413A70603" value="true"/>
</engineerTo>
<pk>true</pk>
<usedAttributes>
<attributeRef>49C73423-DC31-3FBB-265F-6F7B9D259219</attributeRef>
<attributeRef>40AB36C7-2ECB-186A-5F9C-C16B147AA9B2</attributeRef>
</usedAttributes>
</identifier>
</identifiers>
</Entity>