<?xml version = '1.0' encoding = 'UTF-8'?>
<Entity class="oracle.dbtools.crest.model.design.logical.Entity" directorySegmentName="seg_0" id="76E5144A-D7B4-8C45-96ED-A1709619ABBB" name="EQUIPAJE">
<createdBy>jotar</createdBy>
<createdTime>2025-08-24 22:57:48 UTC</createdTime>
<ownerDesignName>BT&amp;AirwaysS2</ownerDesignName>
<engineerTo>
<item key="26B81959-671C-B426-0BF0-31F413A70603" value="true"/>
</engineerTo>
<adequatelyNormalized>NO</adequatelyNormalized>
<expectedVolumes>0</expectedVolumes>
<fwdEngineeringStrategyName>Single Table</fwdEngineeringStrategyName>
<growthPercent>0</growthPercent>
<growthType>Year</growthType>
<maxVolumes>9999999</maxVolumes>
<minVolumes>0</minVolumes>
<normalForm>Third</normalForm>
<attributes itemClass="oracle.dbtools.crest.model.design.logical.Attribute">
<Attribute name="codigo_equipaje" id="FBEE8024-E0C6-A8D8-9042-EDC19D5093B8">
<createdBy>jotar</createdBy>
<createdTime>2025-08-24 23:11:43 UTC</createdTime>
<ownerDesignName>BT&amp;AirwaysS2</ownerDesignName>
<engineerTo>
<item key="26B81959-671C-B426-0BF0-31F413A70603" value="true"/>
</engineerTo>
<useDomainConstraints>false</useDomainConstraints>
<use>1</use>
<logicalDatatype>LOGDT024</logicalDatatype>
<dataTypeSize>9</dataTypeSize>
<ownDataTypeParameters>9,,</ownDataTypeParameters>
</Attribute>
<Attribute name="color" id="D574DF0E-0652-B7A0-97F7-5C51F4E84F4F">
<createdBy>jotar</createdBy>
<createdTime>2025-08-24 23:12:13 UTC</createdTime>
<ownerDesignName>BT&amp;AirwaysS2</ownerDesignName>
<engineerTo>
<item key="26B81959-671C-B426-0BF0-31F413A70603" value="true"/>
</engineerTo>
<useDomainConstraints>false</useDomainConstraints>
<use>1</use>
<logicalDatatype>LOGDT024</logicalDatatype>
<dataTypeSize>10</dataTypeSize>
<ownDataTypeParameters>10,,</ownDataTypeParameters>
</Attribute>
<Attribute name="peso" id="ABC100FA-9AF6-1E92-C667-31F764D356E2">
<createdBy>jotar</createdBy>
<createdTime>2025-08-24 23:12:35 UTC</createdTime>
<ownerDesignName>BT&amp;AirwaysS2</ownerDesignName>
<engineerTo>
<item key="26B81959-671C-B426-0BF0-31F413A70603" value="true"/>
</engineerTo>
<useDomainConstraints>false</useDomainConstraints>
<use>1</use>
<logicalDatatype>LOGDT019</logicalDatatype>
<dataTypePrecision>3</dataTypePrecision>
<dataTypeScale>1</dataTypeScale>
<ownDataTypeParameters>,3,1</ownDataTypeParameters>
</Attribute>
<Attribute name="descripcion" id="FA04414E-1A15-53D3-9923-5B91535FA903">
<createdBy>jotar</createdBy>
<createdTime>2025-08-24 23:12:53 UTC</createdTime>
<ownerDesignName>BT&amp;AirwaysS2</ownerDesignName>
<engineerTo>
<item key="26B81959-671C-B426-0BF0-31F413A70603" value="true"/>
</engineerTo>
<nullsAllowed>true</nullsAllowed>
<useDomainConstraints>false</useDomainConstraints>
<use>1</use>
<logicalDatatype>LOGDT024</logicalDatatype>
<dataTypeSize>100</dataTypeSize>
<ownDataTypeParameters>100,,</ownDataTypeParameters>
</Attribute>
<Attribute name="numero_pasaporte" id="020EDC7D-8A1D-A538-5750-64BF39C7AFC7">
<createdBy>jotar</createdBy>
<createdTime>2025-08-24 23:30:11 UTC</createdTime>
<generatorID>8E15609D-8379-B966-75C0-B615C1464B08</generatorID>
<ownerDesignName>BT&amp;AirwaysS2</ownerDesignName>
<engineerTo>
<item key="26B81959-671C-B426-0BF0-31F413A70603" value="true"/>
</engineerTo>
<referedAttribute>8795ACE6-4F40-DC6B-2FC5-F5C0A9D1FD29</referedAttribute>
<useDomainConstraints>false</useDomainConstraints>
<use>1</use>
<logicalDatatype>LOGDT024</logicalDatatype>
<dataTypeSize>12</dataTypeSize>
<ownDataTypeParameters>,,</ownDataTypeParameters>
</Attribute>
</attributes>
<identifiers itemClass="oracle.dbtools.crest.model.design.logical.CandidateKey">
<identifier id="8B47B97C-0C80-912F-2E2E-8709A7B8EA84" name="EQUIPAJE PK">
<createdBy>jotar</createdBy>
<createdTime>2025-08-24 23:12:11 UTC</createdTime>
<ownerDesignName>BT&amp;AirwaysS2</ownerDesignName>
<engineerTo>
<item key="26B81959-671C-B426-0BF0-31F413A70603" value="true"/>
</engineerTo>
<pk>true</pk>
<usedAttributes>
<attributeRef>FBEE8024-E0C6-A8D8-9042-EDC19D5093B8</attributeRef>
</usedAttributes>
</identifier>
</identifiers>
</Entity>