<?xml version = '1.0' encoding = 'UTF-8'?>
<relationalModel class="oracle.dbtools.crest.model.design.relational.RelationalDesign" name="Relational_1" id="26B81959-671C-B426-0BF0-31F413A70603" mainViewID="0295C839-0680-583E-069A-2CAE402CECD0">
<createdBy>jotar</createdBy>
<createdTime>2025-08-17 22:39:50 UTC</createdTime>
<ownerDesignName>BT&amp;Airways</ownerDesignName>
<shouldBeOpen>true</shouldBeOpen>
<selectedRDBMSSite>32076570-2523-435C-2E92-BF29817DFF70</selectedRDBMSSite>
</relationalModel>