<?xml version = '1.0' encoding = 'UTF-8'?>
<Diagram class="oracle.dbtools.crest.swingui.logical.DPVLogical" name="Logical" id="C7305E4E-D43D-AC4A-525D-2689B4E9A653">
<createdBy>jotar</createdBy>
<modifiedBy>jotar</modifiedBy>
<createdTime>2025-08-17 22:41:14 UTC</createdTime>
<autoRoute>false</autoRoute>
<boxInbox>true</boxInbox>
<showLegend>false</showLegend>
<showLabels>false</showLabels>
<showRelAttributes>false</showRelAttributes>
<gridEnabled>true</gridEnabled>
<showGrid>false</showGrid>
<diagramColor>-1</diagramColor>
<display>false</display>
<notation>1</notation>
<objectViews>
<OView class="oracle.dbtools.crest.swingui.logical.TVEntity" oid="0D9CF97F-43AF-494F-5BA4-9991550C7CE3" otype="Entity" vid="BA21DF38-4868-94B6-CC96-1AA18A93709A">
<hideElementsInCurrentOnly>false</hideElementsInCurrentOnly>
<bounds x="580" y="300" width="241" height="193"/>
</OView>
<OView class="oracle.dbtools.crest.swingui.logical.TVEntity" oid="475DDE5B-AAD5-707F-8644-A1F248270D39" otype="Entity" vid="233755E5-8429-90A0-6BF5-AFCE7489421D">
<hideElementsInCurrentOnly>false</hideElementsInCurrentOnly>
<bounds x="280" y="300" width="191" height="205"/>
</OView>
<OView class="oracle.dbtools.crest.swingui.logical.TVEntity" oid="6775235E-995B-17B9-4152-A143449DC669" otype="Entity" vid="8E707BB6-B495-4E3C-7730-F630BED99D93">
<hideElementsInCurrentOnly>false</hideElementsInCurrentOnly>
<bounds x="580" y="10" width="231" height="211"/>
</OView>
<OView class="oracle.dbtools.crest.swingui.logical.TVEntity" oid="76E5144A-D7B4-8C45-96ED-A1709619ABBB" otype="Entity" vid="09F3829D-444E-EC0E-1DC2-34FE1CB339A7">
<hideElementsInCurrentOnly>false</hideElementsInCurrentOnly>
<bounds x="900" y="550" width="221" height="111"/>
</OView>
<OView class="oracle.dbtools.crest.swingui.logical.TVEntity" oid="9C447B81-1563-EB52-1B9E-0BFE8EDA220A" otype="Entity" vid="DC2916AE-CF46-4435-41E2-6F872E5573B8">
<hideElementsInCurrentOnly>false</hideElementsInCurrentOnly>
<bounds x="280" y="10" width="181" height="181"/>
</OView>
<OView class="oracle.dbtools.crest.swingui.logical.TVEntity" oid="AE7F4C9F-CC62-2FC9-1BB2-118EF4E33AEB" otype="Entity" vid="35748255-F623-D6C2-352B-3797257FD940">
<hideElementsInCurrentOnly>false</hideElementsInCurrentOnly>
<bounds x="890" y="310" width="221" height="162"/>
</OView>
<OView class="oracle.dbtools.crest.swingui.logical.TVEntity" oid="B6657E9B-16D2-BB64-524D-15828DFB5127" otype="Entity" vid="08BEA3E5-1023-CA40-61A1-1C68DC0BA20A">
<hideElementsInCurrentOnly>false</hideElementsInCurrentOnly>
<bounds x="20" y="80" width="181" height="281"/>
</OView>
</objectViews>
<connectors>
<Connector class="oracle.dbtools.crest.swingui.logical.TVRelation" oid="114C2AD5-1B06-8673-24CA-900B1839AF64" otype="Relation" vid_source="BA21DF38-4868-94B6-CC96-1AA18A93709A" vid_target="8E707BB6-B495-4E3C-7730-F630BED99D93">
<hideElementsInCurrentOnly>false</hideElementsInCurrentOnly>
<backgroundColor>-16777216</backgroundColor>
<lineWidth>1</lineWidth>
<points>
<point x="695" y="300"/>
<point x="695" y="221"/>
</points>
</Connector>
<Connector class="oracle.dbtools.crest.swingui.logical.TVRelation" oid="3FC11BD3-EB7C-2BDD-0995-533CA476F480" otype="Relation" vid_source="08BEA3E5-1023-CA40-61A1-1C68DC0BA20A" vid_target="DC2916AE-CF46-4435-41E2-6F872E5573B8">
<hideElementsInCurrentOnly>false</hideElementsInCurrentOnly>
<backgroundColor>-16777216</backgroundColor>
<lineWidth>1</lineWidth>
<points>
<point x="201" y="150"/>
<point x="280" y="150"/>
</points>
</Connector>
<Connector class="oracle.dbtools.crest.swingui.logical.TVRelation" oid="5A416C06-B95F-5C52-3B3B-BADEB6DA166D" otype="Relation" vid_source="35748255-F623-D6C2-352B-3797257FD940" vid_target="BA21DF38-4868-94B6-CC96-1AA18A93709A">
<hideElementsInCurrentOnly>false</hideElementsInCurrentOnly>
<backgroundColor>-16777216</backgroundColor>
<lineWidth>1</lineWidth>
<points>
<point x="890" y="391"/>
<point x="821" y="391"/>
</points>
</Connector>
<Connector class="oracle.dbtools.crest.swingui.logical.TVRelation" oid="7D840D73-4EFC-F7EE-3FEA-22BEFC75CA24" otype="Relation" vid_source="DC2916AE-CF46-4435-41E2-6F872E5573B8" vid_target="8E707BB6-B495-4E3C-7730-F630BED99D93">
<hideElementsInCurrentOnly>false</hideElementsInCurrentOnly>
<backgroundColor>-16777216</backgroundColor>
<lineWidth>1</lineWidth>
<points>
<point x="461" y="100"/>
<point x="580" y="100"/>
</points>
</Connector>
<Connector class="oracle.dbtools.crest.swingui.logical.TVRelation" oid="8E15609D-8379-B966-75C0-B615C1464B08" otype="Relation" vid_source="35748255-F623-D6C2-352B-3797257FD940" vid_target="09F3829D-444E-EC0E-1DC2-34FE1CB339A7">
<hideElementsInCurrentOnly>false</hideElementsInCurrentOnly>
<backgroundColor>-16777216</backgroundColor>
<lineWidth>1</lineWidth>
<points>
<point x="1005" y="472"/>
<point x="1005" y="550"/>
</points>
</Connector>
<Connector class="oracle.dbtools.crest.swingui.logical.TVRelation" oid="CA681973-7AE6-E333-8131-BF6C7BA2252D" otype="Relation" vid_source="08BEA3E5-1023-CA40-61A1-1C68DC0BA20A" vid_target="233755E5-8429-90A0-6BF5-AFCE7489421D">
<hideElementsInCurrentOnly>false</hideElementsInCurrentOnly>
<backgroundColor>-16777216</backgroundColor>
<lineWidth>1</lineWidth>
<points>
<point x="201" y="330"/>
<point x="280" y="330"/>
</points>
</Connector>
<Connector class="oracle.dbtools.crest.swingui.logical.TVRelation" oid="F0E7B0AA-5244-E9B1-C529-494FF3B94393" otype="Relation" vid_source="233755E5-8429-90A0-6BF5-AFCE7489421D" vid_target="BA21DF38-4868-94B6-CC96-1AA18A93709A">
<hideElementsInCurrentOnly>false</hideElementsInCurrentOnly>
<backgroundColor>-16777216</backgroundColor>
<lineWidth>1</lineWidth>
<points>
<point x="471" y="396"/>
<point x="580" y="396"/>
</points>
</Connector>
</connectors>
</Diagram>