<?xml version = '1.0' encoding = 'UTF-8'?>
<Relation class="oracle.dbtools.crest.model.design.logical.Relation" name="Relation_19" directorySegmentName="seg_0" id="114C2AD5-1B06-8673-24CA-900B1839AF64">
<createdBy>jotar</createdBy>
<createdTime>2025-08-18 04:06:36 UTC</createdTime>
<ownerDesignName>BT&amp;AirwaysS2</ownerDesignName>
<engineerTo>
<item key="26B81959-671C-B426-0BF0-31F413A70603" value="true"/>
</engineerTo>
<sourcePk>086B3D0E-9846-67CB-4F47-8D22CAFF3140</sourcePk>
<targetPk>37FADDF0-6BA6-EFA2-E6CF-E0A7EA621369</targetPk>
<identifying>false</identifying>
<nameOnSource>tiene</nameOnSource>
<nameOnTarget>le pertenece</nameOnTarget>
<optionalSource>false</optionalSource>
<optionalTarget>false</optionalTarget>
<sourceCardinality>*</sourceCardinality>
<sourceEntity>0D9CF97F-43AF-494F-5BA4-9991550C7CE3</sourceEntity>
<targetCardinalityString>1</targetCardinalityString>
<targetEntity>6775235E-995B-17B9-4152-A143449DC669</targetEntity>
<transferable>true</transferable>
<deleteRule>NO ACTION</deleteRule>
</Relation>