<?xml version = '1.0' encoding = 'UTF-8'?>
<Relation class="oracle.dbtools.crest.model.design.logical.Relation" name="Relation_11" directorySegmentName="seg_0" id="3FC11BD3-EB7C-2BDD-0995-533CA476F480">
<createdBy>jotar</createdBy>
<createdTime>2025-08-24 23:44:40 UTC</createdTime>
<ownerDesignName>BT&amp;AirwaysS2</ownerDesignName>
<engineerTo>
<item key="26B81959-671C-B426-0BF0-31F413A70603" value="true"/>
</engineerTo>
<sourcePk>1241129E-871E-1379-DD73-EB9FF84644DA</sourcePk>
<identifying>false</identifying>
<nameOnSource>tiene</nameOnSource>
<nameOnTarget>le ptertenece</nameOnTarget>
<optionalSource>false</optionalSource>
<optionalTarget>false</optionalTarget>
<sourceCardinality>1</sourceCardinality>
<sourceEntity>B6657E9B-16D2-BB64-524D-15828DFB5127</sourceEntity>
<targetCardinalityString>*</targetCardinalityString>
<targetEntity>9C447B81-1563-EB52-1B9E-0BFE8EDA220A</targetEntity>
<transferable>true</transferable>
<deleteRule>NO ACTION</deleteRule>
</Relation>