<?xml version = '1.0' encoding = 'UTF-8'?>
<Relation class="oracle.dbtools.crest.model.design.logical.Relation" name="Relation_18" directorySegmentName="seg_0" id="5A416C06-B95F-5C52-3B3B-BADEB6DA166D">
<createdBy>jotar</createdBy>
<createdTime>2025-08-18 04:06:01 UTC</createdTime>
<ownerDesignName>BT&amp;AirwaysS2</ownerDesignName>
<engineerTo>
<item key="26B81959-671C-B426-0BF0-31F413A70603" value="true"/>
</engineerTo>
<sourcePk>900AAFC9-48F1-E3C4-1F29-CFBF2B446428</sourcePk>
<identifying>true</identifying>
<nameOnSource>reserva</nameOnSource>
<nameOnTarget>le corresponde</nameOnTarget>
<optionalSource>true</optionalSource>
<optionalTarget>false</optionalTarget>
<sourceCardinality>1</sourceCardinality>
<sourceEntity>AE7F4C9F-CC62-2FC9-1BB2-118EF4E33AEB</sourceEntity>
<targetCardinalityString>*</targetCardinalityString>
<targetEntity>0D9CF97F-43AF-494F-5BA4-9991550C7CE3</targetEntity>
<transferable>true</transferable>
<deleteRule>NO ACTION</deleteRule>
</Relation>