<?xml version = '1.0' encoding = 'UTF-8'?>
<Relation class="oracle.dbtools.crest.model.design.logical.Relation" name="Relation_7" directorySegmentName="seg_0" id="7D840D73-4EFC-F7EE-3FEA-22BEFC75CA24">
<createdBy>jotar</createdBy>
<createdTime>2025-08-24 23:33:04 UTC</createdTime>
<ownerDesignName>BT&amp;AirwaysS2</ownerDesignName>
<engineerTo>
<item key="26B81959-671C-B426-0BF0-31F413A70603" value="true"/>
</engineerTo>
<sourcePk>AEF8B161-4861-2740-BB80-FC00A8218EE9</sourcePk>
<targetPk>37FADDF0-6BA6-EFA2-E6CF-E0A7EA621369</targetPk>
<identifying>false</identifying>
<optionalSource>false</optionalSource>
<optionalTarget>true</optionalTarget>
<sourceCardinality>1</sourceCardinality>
<sourceEntity>9C447B81-1563-EB52-1B9E-0BFE8EDA220A</sourceEntity>
<targetCardinalityString>*</targetCardinalityString>
<targetEntity>6775235E-995B-17B9-4152-A143449DC669</targetEntity>
<transferable>true</transferable>
<deleteRule>NO ACTION</deleteRule>
</Relation>